epoch,train_loss,val_loss
1,1.8999358752286688,2.1185388964375638
2,1.4202078847804875,2.175652353007809
3,1.179363889475957,2.258474760195788
